Secteur	Catégorie	Activité
Informatique	Digital (Web / mobile)	Webdesign, intégration (dont UX/UI)
Informatique	Digital (Web / mobile)	Intégration CMS
Informatique	Digital (Web / mobile)	Référencement (dont SEO, traffic management, etc.)
Informatique	Digital (Web / mobile)	Création, achat, gestion de noms de domaine
Informatique	Digital (Web / mobile)	Développement, intégration de solutions e-commerce
Informatique	Digital (Web / mobile)	Mise en relation entre professionnels et/ou particuliers (via site internet et/ou application mobile) hors prestations réglementées, prestations dans le domaine touristique (y.c courtier en voyage), location ou vente de biens immobiliers, mise en relation pour des travaux de bâtiment et à l’exclusion de toute opération de financement participatif
Informatique	Digital (Web / mobile)	Développement de plateforme de mise en relation (B2B, B2C, de produits, de personnes, et de services)
Informatique	Digital (Web / mobile)	Edition, développement web / application mobile
Informatique	Digital (Web / mobile)	Autre - Digital (Web / mobile)
Informatique	Logiciel	Développement, programmation de logiciels / progiciels
Informatique	Logiciel	Test / recettes de logiciels / progiciels
Informatique	Logiciel	Vente, installation, paramétrage de logiciels / progiciels
Informatique	Logiciel	Consultant ERP, CRM, BI, Datamining (ex.: Oracle, SAP, Microsoft)
Informatique	Logiciel	Développement, programmation d'applications spécifiques / à façon
Informatique	Logiciel	Intégration de logiciels / progiciels
Informatique	Logiciel	Edition de logiciels / progiciels
Informatique	Logiciel	
Informatique	Jeux vidéos	Game design, UX, gameplay
Informatique	Jeux vidéos	Animation 2D/3D
Informatique	Jeux vidéos	Réalité augmentée / virtuelle
Informatique	Jeux vidéos	Edition de jeux vidéos
Informatique	Jeux vidéos	Développement / tests de jeux vidéo
Informatique	Jeux vidéos	Autre - Jeux vidéos
Informatique	Architecte	Architecte systèmes / réseaux / cloud
Informatique	Architecte	Architecte logiciel
Informatique	Architecte	Architectes / Ingénieurs
Informatique	Architecte	Autre - Architecte - Informatique
Informatique	Maintenance	Maintenance de matériel informatique
Informatique	Maintenance	Maintenance de matériel télécom
Informatique	Maintenance	Assistance, helpdesk, maintenance, tierce maintenance applicative, mises à jour
Informatique	Maintenance	Tierce maintenance de systèmes et d'applications informatiques
Informatique	Maintenance	Maintenance de logiciels
Informatique	Maintenance	Assistance informatique
Informatique	Maintenance	Autre - Maintenance - Informatique
Informatique	Service et conseil en informatique	Installation, configuration, paramétrage, distribution de matériel informatique
Informatique	Service et conseil en informatique	Sécurisation du système de téléphonie
Informatique	Service et conseil en informatique	Product owner, Business analyst en informatique
Informatique	Service et conseil en informatique	Sécurité des systèmes d'information, dont tests d'intrusion
Informatique	Service et conseil en informatique	Maîtrise d'oeuvre / gestion de projet / Tech Lead / Lead developer
Informatique	Service et conseil en informatique	Gestion électrique des documents / Archivage numérique
Informatique	Service et conseil en informatique	Prestations informatiques en mode régie
Informatique	Service et conseil en informatique	Conseil en cybersécurité hors gestion de projet
Informatique	Service et conseil en informatique	DPO / Consultant en RGPD (ou Délégué à la Protection des Données / Consultant RGPD) à l'exclusion de tout exercice de cette activité par un avocat 
Informatique	Service et conseil en informatique	Autres services (recrutement, veille, conseil en stratégie / organisation / marketing, etc.) dans la limite de 30% du chiffre d’affaires déclaré
Informatique	Service et conseil en informatique	Autre - Service et conseil en informatique
Informatique	Big Data / Cloud	DevOps
Informatique	Big Data / Cloud	Big Data / Data Science
Informatique	Big Data / Cloud	Cloud Computing
Informatique	Big Data / Cloud	Datamining, datascience
Informatique	Big Data / Cloud	Autre - Big Data / Cloud
Informatique	Formation	Formation (hors formation aux activités privées de sécurité soumises à agrément du CNAPS)
Informatique	Formation	Formation aux systèmes d'information
Informatique	Formation	Autre - Formation - Informatique
Informatique	Hébergement	Hébergement de données (stockage, sauvegarde, etc.)
Informatique	Hébergement	Hébergement de site / application web
Informatique	Hébergement	Hébergement de données et applications informatiques
Informatique	Hébergement	Autre - Hébergement - Informatique
Informatique	Infrastructure / Réseau	Architecte systèmes / réseaux / cloud
Informatique	Infrastructure / Réseau	Administration systèmes, réseaux
Informatique	Infrastructure / Réseau	Administrateur / Architecte base de données
Informatique	Infrastructure / Réseau	Intégration systèmes / Réseaux
Informatique	Infrastructure / Réseau	Vente, location matériel informatique
Informatique	Infrastructure / Réseau	Infrastructure et Platform as a Service (laaS / PaaS)
Informatique	Infrastructure / Réseau	Infogérance
Informatique	Infrastructure / Réseau	Fournisseur accès internet
Informatique	Infrastructure / Réseau	Vente de matériel informatique
Informatique	Infrastructure / Réseau	Installation, configuration, paramétrage de matériel informatique
Informatique	Infrastructure / Réseau	Autre - Infrastructure / Réseau
Conseil	RH / Recrutement	Conseil en ressources humaines
Conseil	RH / Recrutement	Cabinet et/ou conseil en recrutement
Conseil	RH / Recrutement	Chasseur de têtes
Conseil	RH / Recrutement	Conseil et accompagnement à la mobilité professionnelle des salariés (hors activité d'agent immobilier, mise en relation avec des prestataires du bâtiment et vente de voyages ou séjours)
Conseil	RH / Recrutement	Conseil en développement personnel / Coaching
Conseil	RH / Recrutement	Consultant en ressources humaines
Conseil	RH / Recrutement	Entreprise de travail temporaire
Conseil	RH / Recrutement	Autre - RH / Recrutement
Conseil	Gestion Administrative et financière	Conseil en gestion de trésorerie, de comptabilité et en contrôle de gestion
Conseil	Gestion Administrative et financière	Tenue des livres de comptes (hors activité d'expertise-comptable)
Conseil	Gestion Administrative et financière	Conseil en recherche de financement et/ou de partenaires, assistance dans les négociations
Conseil	Gestion Administrative et financière	Conseil en optimisation des achats et maîtrise des frais généraux de l'entreprise (hors prestation de conseil en optimisation des charges fiscales et sociales)
Conseil	Gestion Administrative et financière	Développement d’outils bureautiques de gestion (tableaux de bord excel)
Conseil	Gestion Administrative et financière	Conseil et assistance à la constitution et au dépôt de dossiers administratifs
Conseil	Gestion Administrative et financière	Conseil en Crédit Impôt Recherche (exclusion des IOB)
Conseil	Gestion Administrative et financière	Conseil en réduction de coûts
Conseil	Gestion Administrative et financière	Activités administratives et de gestion
Conseil	Gestion Administrative et financière	Métiers de l'expertise comptable
Conseil	Gestion Administrative et financière	Autre - Gestion Administrative et financière
Conseil	Environnement / Qualité	Conseil et réalisation d'études stratégiques à destination des collectivités publiques ou des entreprises dans le domaine éducatif, social, de l'habitat, de l'urbanisme et du tourisme
Conseil	Environnement / Qualité	Conseil en gestion de risque
Conseil	Environnement / Qualité	Conseil et assistance à la constitution et au dépôt de dossiers administratifs / appels d'offres
Conseil	Environnement / Qualité	Conseil en qualité, santé, sécurité, environnement
Conseil	Environnement / Qualité	Conseil en qualité et/ou en certification
Conseil	Environnement / Qualité	Conseil en environnement et développement durable
Conseil	Environnement / Qualité	Conseil en économie d'énergie
Conseil	Environnement / Qualité	Conseil en responsabilité sociale d'entreprise
Conseil	Environnement / Qualité	Réalisation d'audits de certifications portant sur les méthodes d'organisation et de process des entreprises
Conseil	Environnement / Qualité	Conseil et formation à destination des entreprises en matière d'éthique et de conformité législative, réglementaire et/ou déontologique (compliance)
Conseil	Environnement / Qualité	Conseil pour la prévention des risques psychosociaux
Conseil	Environnement / Qualité	Conseil en sûreté (hors sites aéroportuaires et nucléaires)
Conseil	Environnement / Qualité	Conseil et assistance aux professionnels du bâtiment dans la gestion des Certificats d'Economie d'Energie (CEE)
Conseil	Environnement / Qualité	Assistance à la constitution et au dépôt des dossiers auprès du Pôle National des Certificats d'Economies d'Energie 
Conseil	Environnement / Qualité	Recherche de la valorisation la plus élevée des CEE pour le compte des professionnels du bâtiment, ces derniers restant maître de la conclusion de l'opération
Conseil	Environnement / Qualité	Autre - Environnement / Qualité
Conseil	Externalisation	Externalisation de la paie, des cotisations sociales et de la gestion administrative du personnel
Conseil	Externalisation	Externalisation de tâches administratives
Conseil	Externalisation	Externalisation du management des fonctions support de l'entreprise
Conseil	Externalisation	Externalisation du suivi et développement commercial en qualité d'agent commercial / apporteur d'affaires (hors prestations réglementées, courtiers en voyage et mise en relation dans le bâtiment)
Conseil	Externalisation	Externalisation de la rédaction du document unique d'évaluation des risques professionnels
Conseil	Externalisation	Conseil en externalisation
Conseil	Externalisation	Autre - Externalisation - Conseil
Informatique	Informatique	Conseil, études, audit, AMOA (dont la gestion de projet valant moins d'un million d'euros)
Informatique	Informatique	Consultant ERP, CRM, BI, Datamining (exemple : SAP, Microsoft..)
Conseil	Informatique	Conseil en systèmes d'information
Conseil	Informatique	Conseil en systèmes et logiciels informatiques
Conseil	Informatique	Conseil en sécurité des systèmes d'information
Conseil	Informatique	Activités informatiques annexes - hors secteurs automobile & aéroports / logiciels de paiement / contrôle de machines & SCADA / secteur médical / logiciels SAP / Oracle
Conseil	Informatique	Autre - Informatique - Conseil
Informatique	Télécom	Opérateur télécom
Informatique	Télécom	Services télécoms (VPN, Ethernet, IP/VOIP, email, visioconférence, etc.)
Informatique	Télécom	Vente, location de matériel télécom
Informatique	Télécom	Installation configuration, paramétrage de matériel télécom
Informatique	Télécom	Conseil en télécommunication
Conseil	Télécom	Autre - Télécom - Conseil
Conseil	Conseil en stratégie et Organisation	Conseil en stratégie, organisation, développement et management d'entreprises
Conseil	Conseil en stratégie et Organisation	Conseil en systèmes de production
Conseil	Conseil en stratégie et Organisation	Conseil en stratégie, organisation, développement commercial
Conseil	Conseil en stratégie et Organisation	Agence pour la création et/ou le développement d'entreprises
Conseil	Conseil en stratégie et Organisation	Conseil en fusion et acquisition portant sur la stratégie, la gestion et le suivi du projet, la coordination des différents intervenants, la recherche de financement, la négociation, la valorisation d'entreprises (hors prestation relevant d'une profession réglementée, prospective financière et conseil en investissement financier)
Conseil	Conseil en stratégie et Organisation	Conseil en logistique
Conseil	Conseil en stratégie et Organisation	Conseil en import
Conseil	Conseil en stratégie et Organisation	Conseil en export
Conseil	Conseil en stratégie et Organisation	Conseil en gestion de crise
Conseil	Conseil en stratégie et Organisation	Conseil en marketing
Conseil	Conseil en stratégie et Organisation	Activités annexes en matière de marketing et/ou communication - hors marketing direct / journalisme / impression / réseaux sociaux / design industriel / drones 
Conseil	Conseil en stratégie et Organisation	Autre - Conseil en stratégie et Organisation
Conseil	Fonction par intérim	Poste de direction par intérim
Conseil	Fonction par intérim	Turnaround management
Conseil	Fonction par intérim	Management de transition
Conseil	Ingénierie	Architecte dans le bâtiment
Conseil	Ingénierie	Architecte d'intérieure
Conseil	Ingénierie	Consultant ingénieur (hors conseil en aéronautique ; spatial ; nucléaire ; automobile)
Conseil	Recherche & Développement	Bureau d'étude, ingénierie
Conseil	Recherche & Développement	R&D Biotechnologique
Conseil	Recherche & Développement	R&D Pharmaceutique
Conseil	Recherche & Développement	R&D Aéronautique
Conseil	Recherche & Développement	R&D Aéronautique
Conseil	Recherche & Développement	R&D Transport
Artisan / Commerçant / e-Commerçant	Artisanat des instruments de musique	Artisan archetier
Artisan / Commerçant / e-Commerçant	Artisanat des instruments de musique	Artisan fabricant d’anches
Artisan / Commerçant / e-Commerçant	Artisanat des instruments de musique	Artisan facteur et/ou restaurateur d’accordéons
Artisan / Commerçant / e-Commerçant	Artisanat des instruments de musique	Artisan facteur et/ou restaurateur de harpes
Artisan / Commerçant / e-Commerçant	Artisanat des instruments de musique	Artisan facteur et/ou restaurateur d’harmoniums
Artisan / Commerçant / e-Commerçant	Artisanat des instruments de musique	Artisan facteur et / ou restaurateur d’instruments à claviers
Artisan / Commerçant / e-Commerçant	Artisanat des instruments de musique	Artisan facteur et/ou restaurateur d’instruments à vent
Artisan / Commerçant / e-Commerçant	Artisanat des instruments de musique	Artisan et ou restaurateur d’instrument de musique mécanique
Artisan / Commerçant / e-Commerçant	Artisanat des instruments de musique	Artisan facteur et/ou restauration d’instruments traditionnels
Artisan / Commerçant / e-Commerçant	Artisanat des instruments de musique	Artisan facteur et/ou restaurateur d’orgues
Artisan / Commerçant / e-Commerçant	Artisanat des instruments de musique	Artisan facteur et/ou restauration de percussions
Artisan / Commerçant / e-Commerçant	Artisanat des instruments de musique	Artisan luthier en guitare et/ou restauration de guitares
Artisan / Commerçant / e-Commerçant	Artisanat des instruments de musique	Artisan luthier et/ou restaurateur d’instruments à cordes frottées
Artisan / Commerçant / e-Commerçant	Artisanat des instruments de musique	Autre - Artisanat des instruments de musique
Artisan / Commerçant / e-Commerçant	Artisanat du bâtiment	Peintre
Artisan / Commerçant / e-Commerçant	Artisanat du bâtiment	Maçon
Artisan / Commerçant / e-Commerçant	Artisanat du bâtiment	Electricien
Artisan / Commerçant / e-Commerçant	Artisanat du bâtiment	Carreleur
Artisan / Commerçant / e-Commerçant	Artisanat textile et habillement	Artisan bottier
Artisan / Commerçant / e-Commerçant	Artisanat textile et habillement	Artisan boutonnier
Artisan / Commerçant / e-Commerçant	Artisanat textile et habillement	Artisan brodeur
Artisan / Commerçant / e-Commerçant	Artisanat textile et habillement	Artisan chapelier
Artisan / Commerçant / e-Commerçant	Artisanat textile et habillement	Artisan corsetier
Artisan / Commerçant / e-Commerçant	Artisanat textile et habillement	Artisan costumier
Artisan / Commerçant / e-Commerçant	Artisanat textile et habillement	Artisan couturier
Artisan / Commerçant / e-Commerçant	Artisanat textile et habillement	Artisan ennoblisseur textile
Artisan / Commerçant / e-Commerçant	Artisanat textile et habillement	Artisan éventailliste
Artisan / Commerçant / e-Commerçant	Artisanat textile et habillement	Artisan feutrier
Artisan / Commerçant / e-Commerçant	Artisanat textile et habillement	Artisan formier
Artisan / Commerçant / e-Commerçant	Artisanat textile et habillement	Artisan fourreur
Artisan / Commerçant / e-Commerçant	Artisanat textile et habillement	Artisan gainier
Artisan / Commerçant / e-Commerçant	Artisanat textile et habillement	Artisan gantier
Artisan / Commerçant / e-Commerçant	Artisanat textile et habillement	Artisan lunetier
Artisan / Commerçant / e-Commerçant	Artisanat textile et habillement	Artisan malletier
Artisan / Commerçant / e-Commerçant	Artisanat textile et habillement	Artisan maroquinier
Artisan / Commerçant / e-Commerçant	Artisanat textile et habillement	Artisan mégissier
Artisan / Commerçant / e-Commerçant	Artisanat textile et habillement	Artisan modéliste
Artisan / Commerçant / e-Commerçant	Artisanat textile et habillement	Artisan modiste
Artisan / Commerçant / e-Commerçant	Artisanat textile et habillement	Artisan perruquier
Artisan / Commerçant / e-Commerçant	Artisanat textile et habillement	Artisan plumassier
Artisan / Commerçant / e-Commerçant	Artisanat textile et habillement	Artisan restaurateur de textiles
Artisan / Commerçant / e-Commerçant	Artisanat textile et habillement	Artisan sellier-maroquinier
Artisan / Commerçant / e-Commerçant	Artisanat textile et habillement	Artisan sérigraphe
Artisan / Commerçant / e-Commerçant	Artisanat textile et habillement	Artisan tailleur
Artisan / Commerçant / e-Commerçant	Artisanat textile et habillement	Artisan tanneur
Artisan / Commerçant / e-Commerçant	Artisanat textile et habillement	Artisan tisserand
Artisan / Commerçant / e-Commerçant	Artisanat textile et habillement	Artisan tresseur
Artisan / Commerçant / e-Commerçant	Artisanat textile et habillement	Artisan fresquiste
Artisan / Commerçant / e-Commerçant	Artisanat textile et habillement	Artisan tapissier d'ameublement et/ou tapissier décorateur
Artisan / Commerçant / e-Commerçant	Artisanat textile et habillement	Autre - Artisanat textile et habillement
Artisan / Commerçant / e-Commerçant	Art / Artisanat ameublement, décoration, restauration de bien	Artisan dentellier
Artisan / Commerçant / e-Commerçant	Art / Artisanat ameublement, décoration, restauration de bien	Artisan pareur
Artisan / Commerçant / e-Commerçant	Art / Artisanat ameublement, décoration, restauration de bien	Artisan parurier floral
Artisan / Commerçant / e-Commerçant	Art / Artisanat ameublement, décoration, restauration de bien	Artisan céramiste
Artisan / Commerçant / e-Commerçant	Art / Artisanat ameublement, décoration, restauration de bien	Artisan décorateur sur céramique
Artisan / Commerçant / e-Commerçant	Art / Artisanat ameublement, décoration, restauration de bien	Artisan doreur
Artisan / Commerçant / e-Commerçant	Art / Artisanat ameublement, décoration, restauration de bien	Artisan encadreur
Artisan / Commerçant / e-Commerçant	Art / Artisanat ameublement, décoration, restauration de bien	Artisan enlumineur
Artisan / Commerçant / e-Commerçant	Art / Artisanat ameublement, décoration, restauration de bien	Artisan fabricant de compositions végétales stables et durables
Artisan / Commerçant / e-Commerçant	Art / Artisanat ameublement, décoration, restauration de bien	Artisan laqueur
Artisan / Commerçant / e-Commerçant	Art / Artisanat ameublement, décoration, restauration de bien	Artisan mosaïste
Artisan / Commerçant / e-Commerçant	Art / Artisanat ameublement, décoration, restauration de bien	Artisan mouleur
Artisan / Commerçant / e-Commerçant	Art / Artisanat ameublement, décoration, restauration de bien	Artisan passementier
Artisan / Commerçant / e-Commerçant	Art / Artisanat ameublement, décoration, restauration de bien	Artisan peintre en décor
Artisan / Commerçant / e-Commerçant	Art / Artisanat ameublement, décoration, restauration de bien	Artisan peintre sur mobilier
Artisan / Commerçant / e-Commerçant	Art / Artisanat ameublement, décoration, restauration de bien	Artisan relieur
Artisan / Commerçant / e-Commerçant	Art / Artisanat ameublement, décoration, restauration de bien	Artisan restaurateur de céramique
Artisan / Commerçant / e-Commerçant	Art / Artisanat ameublement, décoration, restauration de bien	Artisan restaurateur de documents graphiques et imprimés
Artisan / Commerçant / e-Commerçant	Art / Artisanat ameublement, décoration, restauration de bien	Artisan restaurateur de peintures et/ou photographies
Artisan / Commerçant / e-Commerçant	Art / Artisanat ameublement, décoration, restauration de bien	Artisan santonnier
Artisan / Commerçant / e-Commerçant	Art / Artisanat ameublement, décoration, restauration de bien	Calligraphie
Artisan / Commerçant / e-Commerçant	Art / Artisanat ameublement, décoration, restauration de bien	Galerie d’art
Artisan / Commerçant / e-Commerçant	Art / Artisanat ameublement, décoration, restauration de bien	Autre - Art / Artisanat ameublement, décoration, restauration de bien
Artisan / Commerçant / e-Commerçant	Fabrication / Artisanat	Fabrication de machines à café
Artisan / Commerçant / e-Commerçant	Fabrication / Artisanat	Torréfacteur
Artisan / Commerçant / e-Commerçant	Fabrication / Artisanat	Créatrice de bijoux
Artisan / Commerçant / e-Commerçant	Commerce de détail	Vente de photographies / accessoires photographiques
Artisan / Commerçant / e-Commerçant	Commerce de détail	Vente de chaussure (petit commerce)
Artisan / Commerçant / e-Commerçant	Commerce de détail	Vente d’objets de décoration intérieure, luminaire et petit mobiliers (hors magasin de meuble et literie)
Artisan / Commerçant / e-Commerçant	Commerce de détail	Vente d’objets publicitaires sans fabrication (petit commerce)
Artisan / Commerçant / e-Commerçant	Commerce de détail	Supérettes (entre 120 et 400m2)
Artisan / Commerçant / e-Commerçant	Commerce de détail	Magasins multi-commerces
Artisan / Commerçant / e-Commerçant	Commerce de détail	Boulangerie, pâtisserie et confiserie
Artisan / Commerçant / e-Commerçant	Commerce de détail	Poissonerie, poissons, crustacés et mollusques en magasin spécialisé
Artisan / Commerçant / e-Commerçant	Commerce de détail	Boucherie, viandes et produits à base de viande en magasin spécialisé
Artisan / Commerçant / e-Commerçant	Commerce de détail	Fruits et légumes en magasin spécialisé
Artisan / Commerçant / e-Commerçant	Commerce de détail	Supermarchés (C.A alimentaire > 65% des ventes, surfface de vente comprise entre 400 et 2500m2)
Artisan / Commerçant / e-Commerçant	Commerce de détail	Matériels audio et vidéo en magasin spécialisé
Artisan / Commerçant / e-Commerçant	Commerce de détail	Matériels de télécommunication en magasin spécialisé
Artisan / Commerçant / e-Commerçant	Commerce de détail	Vente d'ordinateurs, unités périphériques, et logiciels en magasin
Artisan / Commerçant / e-Commerçant	Commerce de détail	Commerce de détail d'alimentation générale
Artisan / Commerçant / e-Commerçant	Commerce de détail	Commerce de détail de produits surgelés
Artisan / Commerçant / e-Commerçant	Commerce de détail	Vente de vêtements et accessoires (petit commerce)
Artisan / Commerçant / e-Commerçant	Commerce de détail	Vente de Bricolage / outillage sans fabrication
Artisan / Commerçant / e-Commerçant	Commerce de détail	Vente d'accessoires beauté et bien-être sans fabrication
Artisan / Commerçant / e-Commerçant	Commerce de détail	Vente de café sans fabrication
Artisan / Commerçant / e-Commerçant	Commerce de détail	Vente de peinture sans fabrication
Artisan / Commerçant / e-Commerçant	Commerce de détail	Vente de jeux pour enfants sans fabrication
Artisan / Commerçant / e-Commerçant	Commerce de détail	Vente de puériculture sans fabrication
Artisan / Commerçant / e-Commerçant	Commerce de détail	Vente d'accessoires pour animaux sans fabrication
Artisan / Commerçant / e-Commerçant	Commerce de détail	Vente de maroquinerie sans fabrication
Artisan / Commerçant / e-Commerçant	Commerce de détail	Vente de jardinerie sans fabrication
Artisan / Commerçant / e-Commerçant	Commerce de détail	Vente de cosmétiques sans fabrication
Artisan / Commerçant / e-Commerçant	Commerce de détail	Vente de bijouterie sans fabrication
Artisan / Commerçant / e-Commerçant	Commerce de détail	Vente d'accessoires vestimentaires sans fabrication
Artisan / Commerçant / e-Commerçant	Commerce de détail	Vente d'accessoires sportifs sans fabrication
Artisan / Commerçant / e-Commerçant	Commerce de détail	Vente de vélos et vélos à assistance électriques  
Artisan / Commerçant / e-Commerçant	Commerce de détail	Vente d'accessoires automobiles sans fabrication
Artisan / Commerçant / e-Commerçant	Commerce de détail	Vente d'accessoires industriels sans fabrication
Artisan / Commerçant / e-Commerçant	Commerce de détail	Vente d'accessoires culinaires sans fabrication
Artisan / Commerçant / e-Commerçant	Commerce de détail	Vente de literie sans fabrication
Artisan / Commerçant / e-Commerçant	Commerce de détail	Vente de trotinnettes et trotinnettes électriques sans fabrication
Artisan / Commerçant / e-Commerçant	Commerce de détail	Vente d'électroménagers sans fabrication
Artisan / Commerçant / e-Commerçant	Commerce de détail	Autre - Commerce de détail
Artisan / Commerçant / e-Commerçant	eCommerce (hors dropshipping)	Site de e-commerce bricolage / outillage (hors dropshipping) sans fabrication
Artisan / Commerçant / e-Commerçant	eCommerce (hors dropshipping)	Site de e-commerce textiles (hors dropshipping) sans fabrication
Artisan / Commerçant / e-Commerçant	eCommerce (hors dropshipping)	Site de e-commerce high-tech (hors dropshipping) sans fabrication
Artisan / Commerçant / e-Commerçant	eCommerce (hors dropshipping)	Site de e-commerce décoration intérieure / petits mobiliers / luminaires (hors magasin de meubles / litierie et dropshipping) sans fabrication
Artisan / Commerçant / e-Commerçant	eCommerce (hors dropshipping)	Site de e-commerce d'objets publicitaires (hors dropshipping) sans fabrication
Artisan / Commerçant / e-Commerçant	eCommerce (hors dropshipping)	Site de e-commerce d'accessoires beauté et bien-être (hors dropshipping) sans fabrication
Artisan / Commerçant / e-Commerçant	eCommerce (hors dropshipping)	Site de e-commerce de café, théo, cacao, épices (hors dropshipping) sans fabrication
Artisan / Commerçant / e-Commerçant	eCommerce (hors dropshipping)	Site de e-commerce de peinture (hors dropshipping) sans fabrication
Artisan / Commerçant / e-Commerçant	eCommerce (hors dropshipping)	Site de e-commerce de jeux pour enfants (hors dropshipping) sans fabrication
Artisan / Commerçant / e-Commerçant	eCommerce (hors dropshipping)	Site de e-commerce de puériculture (hors dropshipping) sans fabrication
Artisan / Commerçant / e-Commerçant	eCommerce (hors dropshipping)	Site de e-commerce d'accessoires pour animaux (hors dropshipping) sans fabrication
Artisan / Commerçant / e-Commerçant	eCommerce (hors dropshipping)	Site de e-commerce de maroquinerie (hors dropshipping) sans fabrication
Artisan / Commerçant / e-Commerçant	eCommerce (hors dropshipping)	Site de e-commerce de jardinerie (hors dropshipping) sans fabrication
Artisan / Commerçant / e-Commerçant	eCommerce (hors dropshipping)	Site de e-commerce alimentaire (hors frais et surgelés, hors dropshipping et sans fabrication)
Artisan / Commerçant / e-Commerçant	eCommerce (hors dropshipping)	Site de e-commerce de cosmétiques (hors dropshipping) sans fabrication
Artisan / Commerçant / e-Commerçant	eCommerce (hors dropshipping)	Site de e-commerce de bijoux (hors dropshipping) sans fabrication
Artisan / Commerçant / e-Commerçant	eCommerce (hors dropshipping)	Site de e-commerce de produits d'horlogerie domestique (hors dropshipping) sans fabrication
Artisan / Commerçant / e-Commerçant	eCommerce (hors dropshipping)	Site de e-commerce d'accessoires vestimentaires (hors dropshipping) sans fabrication
Artisan / Commerçant / e-Commerçant	eCommerce (hors dropshipping)	Site de e-commerce d'accessoires sportifs (hors dropshipping) sans fabrication
Artisan / Commerçant / e-Commerçant	eCommerce (hors dropshipping)	Site de e-commerce de vélos et vélos à assistance électriques (hors dropshipping) sans fabrication
Artisan / Commerçant / e-Commerçant	eCommerce (hors dropshipping)	Site de e-commerce d'accessoires automobiles (hors dropshipping) sans fabrication
Artisan / Commerçant / e-Commerçant	eCommerce (hors dropshipping)	Site de e-commerce d'accessoires industriels (hors dropshipping) sans fabrication
Artisan / Commerçant / e-Commerçant	eCommerce (hors dropshipping)	Site de e-commerce d'équipements et d'accessoires culinaires (hors dropshipping) sans fabrication
Artisan / Commerçant / e-Commerçant	eCommerce (hors dropshipping)	Site de e-commerce de literie (hors dropshipping) sans fabrication
Artisan / Commerçant / e-Commerçant	eCommerce (hors dropshipping)	Site de e-commerce de trotinnettes et trotinnettes électriques (hors dropshipping) sans fabrication
Artisan / Commerçant / e-Commerçant	eCommerce (hors dropshipping)	Site de e-commerce d'électroménagers (hors dropshipping) sans fabrication
Artisan / Commerçant / e-Commerçant	Commerce de gros	Vente de photographies / accessoires photographiques (commerce de gros)
Artisan / Commerçant / e-Commerçant	Commerce de gros	Vente de chaussures (commerce de gros)
Artisan / Commerçant / e-Commerçant	Commerce de gros	Vente d’objets de décoration intérieure, luminaire et petit mobiliers (hors magasin de meuble et literie) (commerce de gros)
Artisan / Commerçant / e-Commerçant	Commerce de gros	Vente d’objets publicitaires sans fabrication (commerce de gros)
Artisan / Commerçant / e-Commerçant	Commerce de gros	Vente de matériels audio et vidéo en magasin spécialisé (commerce de gros)
Artisan / Commerçant / e-Commerçant	Commerce de gros	Vente de matériels de télécommunication en magasin spécialisé (commerce de gros)
Artisan / Commerçant / e-Commerçant	Commerce de gros	Vente d'ordinateurs, unités périphériques, et logiciels en magasin (commerce de gros)
Artisan / Commerçant / e-Commerçant	Commerce de gros	Vente de vêtements et accessoires (commerce de gros)
Artisan / Commerçant / e-Commerçant	Commerce de gros	Vente de Bricolage / outillage sans fabrication (commerce de gros)
Artisan / Commerçant / e-Commerçant	Commerce de gros	Vente d'accessoires beauté et bien-être sans fabrication (commerce de gros)
Artisan / Commerçant / e-Commerçant	Commerce de gros	Vente de café sans fabrication (commerce de gros)
Artisan / Commerçant / e-Commerçant	Commerce de gros	Vente de peinture sans fabrication (commerce de gros)
Artisan / Commerçant / e-Commerçant	Commerce de gros	Vente de jeux pour enfants sans fabrication (commerce de gros)
Artisan / Commerçant / e-Commerçant	Commerce de gros	Vente de puériculture sans fabrication (commerce de gros)
Artisan / Commerçant / e-Commerçant	Commerce de gros	Vente d'accessoires pour animaux sans fabrication (commerce de gros)
Artisan / Commerçant / e-Commerçant	Commerce de gros	Vente de maroquinerie sans fabrication (commerce de gros)
Artisan / Commerçant / e-Commerçant	Commerce de gros	Vente de jardinerie sans fabrication (commerce de gros)
Artisan / Commerçant / e-Commerçant	Commerce de gros	Vente de cosmétiques sans fabrication (commerce de gros)
Artisan / Commerçant / e-Commerçant	Commerce de gros	Vente de bijouterie sans fabrication (commerce de gros)
Artisan / Commerçant / e-Commerçant	Commerce de gros	Vente d'accessoires vestimentaires sans fabrication (commerce de gros)
Artisan / Commerçant / e-Commerçant	Commerce de gros	Vente d'accessoires sportifs sans fabrication (commerce de gros)
Artisan / Commerçant / e-Commerçant	Commerce de gros	Vente de vélos et vélos à assistance électriques (commerce de gros)
Artisan / Commerçant / e-Commerçant	Commerce de gros	Vente d'accessoires automobiles sans fabrication (commerce de gros)
Artisan / Commerçant / e-Commerçant	Commerce de gros	Vente d'accessoires industriels sans fabrication (commerce de gros)
Artisan / Commerçant / e-Commerçant	Commerce de gros	Vente d'accessoires culinaires sans fabrication (commerce de gros)
Artisan / Commerçant / e-Commerçant	Commerce de gros	Vente de literie sans fabrication (commerce de gros)
Artisan / Commerçant / e-Commerçant	Commerce de gros	Vente de trotinnettes et trotinnettes électriques sans fabrication (commerce de gros)
Artisan / Commerçant / e-Commerçant	Commerce de gros	Vente d'électroménagers sans fabrication (commerce de gros)
Artisan / Commerçant / e-Commerçant	Commerce de gros	Autre - Commerce de gros
Artisan / Commerçant / e-Commerçant	Construction / Batiment et travaux publics	Maître d'oeuvre
Artisan / Commerçant / e-Commerçant	Construction / Batiment et travaux publics	Assistant maître d'oeuvre
Artisan / Commerçant / e-Commerçant	Construction / Batiment et travaux publics	Maître d'ouvrage
Artisan / Commerçant / e-Commerçant	Construction / Batiment et travaux publics	Assistant maître d'ouvrage
Artisan / Commerçant / e-Commerçant	Construction / Batiment et travaux publics	Tous corps d'états
Artisan / Commerçant / e-Commerçant	Construction / Batiment et travaux publics	Chauffagiste, installation thermique de génie climatique (à l'exclusion du photovoltaïque)
Artisan / Commerçant / e-Commerçant	Construction / Batiment et travaux publics	Air conditionné, intallation d'aérauliques (hors photovoltaïque)
Artisan / Commerçant / e-Commerçant	Construction / Batiment et travaux publics	Isolation
Artisan / Commerçant / e-Commerçant	Construction / Batiment et travaux publics	Couvreur
Artisan / Commerçant / e-Commerçant	Construction / Batiment et travaux publics	Ravalement de façades
Artisan / Commerçant / e-Commerçant	Construction / Batiment et travaux publics	Charpentes
Artisan / Commerçant / e-Commerçant	Construction / Batiment et travaux publics	Menuiseries extérieures
Artisan / Commerçant / e-Commerçant	Construction / Batiment et travaux publics	Menuiseries intérieures
Professions réglementées	Assurance	Agence de courtage en prêt / rachat en crédit (hors agence/établissement bancaire)
Professions réglementées	Assurance	Intermédiaire en Assurance
Professions réglementées	Assurance	Autre - Assurance
Professions réglementées	Tourisme	Agence de voyages / Tour opérateur
Professions réglementées	Tourisme	Autre - Tourisme
Professions réglementées	Professions de l'immobilier	Agent immobilier (transaction immobilière et/ou de gestion locative)
Professions réglementées	Professions de l'immobilier	Agent commercial de l'Immobilier
Professions réglementées	Professions de l'immobilier	Autre - Professions de l'immobilier
Professions réglementées	Professionnel du sport	Agent Sportif
Professions réglementées	Professionnel du sport	Autre - Professionnel du sport
Professions réglementées	Service financier	Conseil en investissement Financier (CIF) y compris le Conseil en gestion de Patrimoine (CGP)
Professions réglementées	Service financier	Démarcheur Financier
Professions réglementées	Service financier	Intermédiaire en Opérations de Banque et en services de paiement
Professions réglementées	Professions du droit	Avocat
Professions réglementées	Professions du droit	Notaire
Professions réglementées	Professions du droit	Huissier de justice
Professions réglementées	Professions de la santé	Médecin généraliste
Professions réglementées	Professions de la santé	Chirurgien
Professions réglementées	Professions de la santé	Vétérinaire
Professions réglementées	Professions de la santé	Dentiste
Sécurité	Professionnel de la sécurité	Gardiennage, surveillance, filtrage (y compris agent cynophile) - hors télésurveillance
Sécurité	Professionnel de la sécurité	Intervention sur site en cas de déclenchement d’alarme intrusion
Sécurité	Professionnel de la sécurité	Sécurité incendie : agent de sécurité qualifié / confirmé / chef de poste
Sécurité	Professionnel de la sécurité	Installateurs d’alarmes sociales
Sécurité	Professionnel de la sécurité	Vente et installation de détecteurs d’incendie, fumée, gaz et de systèmes légers de lutte contre l’incendie ou intoxication de type Extincteurs et RIA (Robinets d’Incendie Armé)
Sécurité	Professionnel de la sécurité	Formation aux activités privées de sécurité soumises à agrément CNAPS
Sécurité	Professionnel de la sécurité	Activités annexes de conseil et formation en matière de sécurité - hors prescription technique assimilée à de l'ingénierie/BET/maîtrise d'œuvre & AMOA sur travaux de bâtiment & génie civil
Sécurité	Professionnel de la sécurité	Vente, installation et maintenance de systèmes de détection et d’alarme anti-intrusion, de systèmes et matériels de contrôle d’accès, vidéo-surveillance, télésurveillance
Sécurité	Professionnel de la sécurité	Télésurveillance
Tourisme	Professionnel du tourisme	Billetterie
Tourisme	Professionnel du tourisme	Vente de séjours ou voyages organisés par un Tour-Operator
Tourisme	Professionnel du tourisme	Tourisme d'accueil
Tourisme	Professionnel du tourisme	Vente de forfaits dynamiques
Tourisme	Professionnel du tourisme	Organisation de séjours ou de voyages
Marketing	Communication corporate et publicitaire	Publicité
Marketing	Communication corporate et publicitaire	Communication institutionnelle, financière
Marketing	Communication corporate et publicitaire	Social media, community management
Marketing	Communication corporate et publicitaire	Relations publiques, Gestion réputation / e-réputation
Marketing	Communication corporate et publicitaire	Influenceur, lobbying
Marketing	Communication corporate et publicitaire	Communication et gestion de crise
Marketing	Communication corporate et publicitaire	Réalisation, production de films institutionnels et/ou publicitaires
Marketing	Communication corporate et publicitaire	Conception et création de contenu éditorial tous supports (dont content management)
Marketing	Communication corporate et publicitaire	Impression supports publicitaire ou corporate
Marketing	Communication corporate et publicitaire	Régie publicitaire
Marketing	Communication corporate et publicitaire	Achat d'espaces publicitaires dans médias traditionnels et nouveaux médias (dont display)
Marketing	Communication corporate et publicitaire	Media planning, web planning
Marketing	Communication corporate et publicitaire	Direction artistique, conception et création graphique 360°
Marketing	Communication corporate et publicitaire	Conception, création de sites web et applications mobiles (design UX/UI, développement)
Marketing	Communication corporate et publicitaire	Communication interne/RH, marque employeur
Marketing	Connaissance client analytics	CRM analytics, base de données client
Marketing	Connaissance client analytics	Analyse comportementale
Marketing	Connaissance client analytics	Datamining, datascience
Marketing	Connaissance client analytics	Etude de marché, sondages
Marketing	Connaissance client analytics	Tracking, performance, metrics
Marketing	Connaissance client analytics	Traffic Management
Marketing	Connaissance client analytics	Veille, benchmark, social listening
Marketing	Conseil et stratégie	Conseil en publicité
Marketing	Conseil et stratégie	Conseil en stratégie digitale
Marketing	Conseil et stratégie	Conseil en marketing
Marketing	Conseil et stratégie	Coaching, media training
Marketing	Conseil et stratégie	Conseil en branding (notoriété et image de marque)
Marketing	Conseil et stratégie	Conseil en communication, RP, social média
Marketing	Conseil et stratégie	Planning stratégique
Marketing	Conseil et stratégie	Autres services : Informatique et Conseil (en stratégie, organisation, RSE...) dans la limite de 30% du chiffre d’affaires déclaré par l’assuré
Marketing	Événementiel pour le compte de tiers	Conception et organisation d'événements
Marketing	Événementiel pour le compte de tiers	Scénographie
Marketing	Événementiel pour le compte de tiers	Autre - Événementiel pour le compte de tiers
Marketing	Marketing opérationnel	Marketing direct (phoning, (e)mailing, jeux concours, street marketing,...)
Marketing	Marketing opérationnel	Génération de leads
Marketing	Marketing opérationnel	Affiliation
Marketing	Marketing opérationnel	Search marketing, référencement (SEO, SEA, SMO)
Marketing	Marketing opérationnel	m-Marketing (dont campagnes SMS)
Marketing	Marketing opérationnel	Conception de goodies, enseignes ou produits dérivés (fabrication et installation sous-traitées)
Marketing	Marketing opérationnel	Promotion et animation des ventes
Marketing	Marketing opérationnel	Monétisation de contenu
Marketing	Marketing opérationnel	Reciblage publicitaire (re-targeting)
Marketing	Marketing opérationnel	Impression publipostage
Marketing	Marketing opérationnel	Packaging (hors design industriel)
Marketing	Marketing opérationnel	Merchandising, publicité sur lieu de vente
Métiers du Service	Transport	Transport terrestre
Métiers du Service	Transport	Aide à la mobilité et transports
Métiers du Service	Transport	Conduite de véhicule personnel des seniors et des personnes handicapées
Métiers du Service	Transport	Convoyage de véhicules légers
Métiers du Service	Accompagnement personnel / Thérapie	Coach en développement personnel / Conseil en gestion de stress
Métiers du Service	Accompagnement personnel / Thérapie	Conseil en orientation / aide psychosociale
Métiers du Service	Accompagnement personnel / Thérapie	Conseiller conjugal
Métiers du Service	Accompagnement personnel / Thérapie	Médiation familiale (hors médiation judiciaire / pénale)
Métiers du Service	Accompagnement personnel / Thérapie	Luminothérapeute / Aromathérapeute / Musicothérapeute
Métiers du Service	Accompagnement personnel / Thérapie	Psychologue
Métiers du Service	Accompagnement personnel / Thérapie	Psychothérapeute
Métiers du Service	Accompagnement personnel / Thérapie	Thérapeute par la parole
Métiers du Service	Accompagnement personnel / Thérapie	Hypnothérapeute
Métiers du Service	Accompagnement personnel / Thérapie	Autre - Accompagnement personnel / Thérapie
Métiers du Service	Service à la personne - Loi Borloo	Accompagnement des personnes agées, dépendantes, handicapées en dehors du domicile 
Métiers du Service	Service à la personne - Loi Borloo	Aide personnelle à domicile pour les personnes en besoin d'assistance temporaire - hors soins médicaux
Métiers du Service	Service à la personne - Loi Borloo	Aide à l’insertion sociale des personnes agées, handicapées ou ayant des pathologies chroniques 
Métiers du Service	Service à la personne - Loi Borloo	Assistance dans les actes de la vie quotidienne des personnes âgées, handicapées ou ayant des pathologies chroniques - hors soins médicaux
Métiers du Service	Service à la personne - Loi Borloo	Assistance administrative à domicile
Métiers du Service	Service à la personne - Loi Borloo	Assistance informatique à domicile
Métiers du Service	Service à la personne - Loi Borloo	Accompagnement des enfants de moins de 3 ans dans leur déplacement en dehors du domicile
Métiers du Service	Service à la personne - Loi Borloo	Accompagnement des enfants de plus de 3 ans dans leur déplacement en dehors du domicile
Métiers du Service	Service à la personne - Loi Borloo	Garde d'enfants de moins de 3 ans à domicile
Métiers du Service	Service à la personne - Loi Borloo	Garde d'enfants de plus de 3 ans à domicile
Métiers du Service	Service à la personne - Loi Borloo	Collecte et livraison de linge à domicile
Métiers du Service	Service à la personne - Loi Borloo	Conduite du véhicule personnel des seniors et personnes handicapées
Métiers du Service	Service à la personne - Loi Borloo	Coordination, délivrance et suivi de services à la personnes (mise en relation avec un prestataire et suivi de la prestation)
Métiers du Service	Service à la personne - Loi Borloo	Interprète langue des signes, technicien de l’écrit, codeur en langue parlé complété
Métiers du Service	Service à la personne - Loi Borloo	Soins esthétiques à domicile pour les personnes dépendantes
Métiers du Service	Service à la personne - Loi Borloo	Soins et promenades d’animaux de compagnie pour les personnes dépendantes
Métiers du Service	Service à la personne - Loi Borloo	Soutien scolaire ou cours à domicile
Métiers du Service	Service à la personne - Loi Borloo	Téléassistance / Visioassistance
Métiers du Service	Service à la personne - Loi Borloo	Aide à l’insertion sociale des personnes agées, handicapées ou ayant des pathologies chroniques 
Métiers du Service	Service à la personne - Loi Borloo	Entretien de la maison et travaux ménagers
Métiers du Service	Service à la personne - Loi Borloo	Maintenance, entretien et vigilance temporaires, à domicile, de résidences principales et secondaires
Métiers du Service	Service à la personne - Loi Borloo	Travaux de petit bricolage dits « homme toutes mains »
Métiers du Service	Service à la personne - Loi Borloo	Petits travaux de jardinage
Métiers du Service	Service à la personne - Loi Borloo	Préparation de repas à domicile
Métiers du Service	Service à la personne - Loi Borloo	Livraison de courses à domicile
Métiers du Service	Service à la personne - Loi Borloo	Livraison de repas à domicile
Métiers du Service	Service à la personne - Loi Borloo	Archivage (photocopie, préparation de documents, scanning, saisie informatique, archivage de documents et gestion documentaire pour le compte de tiers)
Métiers du Service	Gestion administrative	Conciergerie / Services de conciergerie (hors réservation de séjours / voyages pour le compte de tiers)
Métiers du Service	Gestion administrative	Ecrivain public
Métiers du Service	Gestion administrative	Gestion de standard (Accueil, permanence téléphonique, gestion du courrier, démarches administratives, classements de documents etc...)
Métiers du Service	Gestion administrative	Gestion des achats (Recherche et gestion des fournisseurs) 
Métiers du Service	Gestion administrative	Interprète
Métiers du Service	Gestion administrative	Mise à disposition d'agents et hôtesses d'accueil - hors prestation de sécurité privée
Métiers du Service	Gestion administrative	Mise à disposition de bureaux/espaces de travail courte et moyenne durée 
Métiers du Service	Gestion administrative	Recouvrement amiable et judiciaire de créance pour le compte de tiers
Métiers du Service	Gestion administrative	Centre d'affaires (Secrétariat, saisie de données, domiciliation commerciale de sociétés ; gestion du courrier arrivant à l'adresse de domiciliation ; externalisation de tâches administratives, permanence téléphonique)
Métiers du Service	Gestion administrative	Centre d'appel hors appels d’urgence 
Métiers du Service	Gestion administrative	Téléprospection
Métiers du Service	Gestion administrative	Traducteur (hors notices techniques et manuels utilisateurs)
Métiers du Service	Garde d'enfants et animaux	Crèche
Métiers du Service	Garde d'enfants et animaux	Garde d'animaux et Pet-sitting (hors chenils)
Métiers du Service	Garde d'enfants et animaux	Autre - Garde d'enfants
Métiers du Service	Entretien / Nettoyage	Nettoyage courant de bureaux, commerces, habitations et établissements sportifs
Métiers du Service	Entretien / Nettoyage	Entretien des bureaux et/ou espaces verts (sans technique d'élagage de plus de 3 mètres)
Métiers du Service	Entretien / Nettoyage	Jardinage hors élagage/abattage d’arbres et/ou travaux de terrassement
Métiers du Service	Formation	Conseiller en éducation / Éducateur
Métiers du Service	Formation	Correcteur de textes / examens
Métiers du Service	Formation	Formateur / Organisme de formation (hors formation aux activités privées de sécurité soumises à agrément du CNAPS et formation aux travaux en hauteur / sur corde)
Métiers du Service	Formation	Établissement d'enseignement supérieur / de formation continue (hors formation aux activités privées de sécurité soumises à agrément du CNAPS et formation aux travaux en hauteur / sur corde)
Métiers du Service	Formation	Enseignant (hors enseignant de l’éducation nationale)
Métiers du Service	Formation	Formateur / Organisme de formation / Soutien scolaire (locaux avec salles de formation - hors formation aux activités privées de sécurité soumises aux agrément du CNAPS et formation aux travaux en hauteur / sur corde)
Métiers du Service	Formation	Comportementalisme chien et chat / Formation au dressage et à la communication avec l'animal
Métiers du Service	Formation	Autre - Formation - Service à la personne
Métiers du Service	Dépannage / Assistance	Téléassistance / Visioassistance
Métiers du Service	Dépannage / Assistance	Bricolage ne nécessitant pas de qualification professionnelle et pouvant être réalisé en 2h maximum (hors travaux de construction, réparation, intervention sur des équipements de gaz, d'eau, d'électricité)
Métiers du Service	Dépannage / Assistance	Installation d'alarmes et/ou de matériel de télé-sécurité et télésurveillance
Métiers du Service	Dépannage / Assistance	Maintenance, entretien et vigilance temporaires, à domicile, de résidence principale et secondaire
Métiers du Service	Dépannage / Assistance	Installation, maintenance de matériel informatique / de télécommunication - Assistance information / télécommunication
Métiers du Service	Autres services aux particuliers, entreprise et collectivités	Gardien de maisons / Home sitting
Métiers du Service	Autres services aux particuliers, entreprise et collectivités	Agence matrimoniale
Métiers du Service	Autres services aux particuliers, entreprise et collectivités	Assistant social
Métiers du Service	Autres services aux particuliers, entreprise et collectivités	Agent commercial immobilier (TRANSACTIONS SUR IMMEUBLES ET / OU FONDS DE COMMERCE)
Métiers du Service	Autres services aux particuliers, entreprise et collectivités	Assistance à l’autonomie, aux personnes âgées, handicapées ou vulnérables - hors prestations réalisées dans le cadre de la loi Borloo et/ou hors prestation médicale/paramédicale
Métiers du Service	Autres services aux particuliers, entreprise et collectivités	Décorateur d'intérieur (hors architecte et domaine de la construction)
Métiers du Service	Autres services aux particuliers, entreprise et collectivités	Services aux particuliers hors règlementation Borloo : courses, travaux administratifs
Métiers du Service	Autres services aux particuliers, entreprise et collectivités	Conseil en relocation
Métiers du Service	Autres services aux particuliers, entreprise et collectivités	Réalisation d'audits de certifications portant sur les méthodes d'organisation et de process des entreprises
Métiers du Service	Autres services aux particuliers, entreprise et collectivités	Détective privé / Agent de recherches privé
Métiers du Service	Autres services aux particuliers, entreprise et collectivités	Photographe
Métiers du Service	Autres services aux particuliers, entreprise et collectivités	Conseil en immigration - hors conseils juridiques
Métiers du Service	Livraison	Coursier
Métiers du Service	Livraison	Autre - Livraison
Métiers du Service	Restauration	Préparation de repas / commissions
Métiers du Service	Restauration	Restaurant
Métiers du Service	Restauration	Restauration rapide
Métiers du Service	Restauration	Café, brasserie
Métiers du Service	Restauration	Autre - Restauration
Médias et Industries culturelles	Evénementiel	Scénographie - Evénementiel
Médias et Industries culturelles	Evénementiel	Conférencier
Médias et Industries culturelles	Evénementiel	Organisation de mariages et d'événements familiaux / Wedding planner - hors activités de réservation de voyages ou séjours pour le compte de tiers
Médias et Industries culturelles	Evénementiel	Animateur d'évènements ou d'actions promotionnelles / Speaker
Médias et Industries culturelles	Audiovisuel	Adaptateur audiovisuel
Médias et Industries culturelles	Audiovisuel	Studio et autres activités photographiques - Audiovisuel
Médias et Industries culturelles	Audiovisuel	Assistant opérateur audiovisuel / cinéma / spectacles vivants
Médias et Industries culturelles	Audiovisuel	Cadreur
Médias et Industries culturelles	Audiovisuel	Caméraman
Médias et Industries culturelles	Audiovisuel	Chorégraphe
Médias et Industries culturelles	Audiovisuel	Directeur artistique dans les domaines du spectacle vivant/ audiovisuel/ édition
Médias et Industries culturelles	Audiovisuel	Directeur de production audiovisuelle (hors cinéma et télévision)
Médias et Industries culturelles	Audiovisuel	Documentaliste audiovisuel
Médias et Industries culturelles	Audiovisuel	Eclairagiste audiovisuel
Médias et Industries culturelles	Audiovisuel	Ingénieur du son et/ou Mixeur
Médias et Industries culturelles	Audiovisuel	Monteur / Studio de montage video / audiovisuel
Médias et Industries culturelles	Audiovisuel	Producteur de films publicitaires et clips vidéo
Médias et Industries culturelles	Audiovisuel	Régisseur son
Médias et Industries culturelles	Audiovisuel	Régisseur pour le compte de productions audiovisuelles et évènementielles hors oeuvres destinées au cinéma / fictions et émissions télé en direct
Médias et Industries culturelles	Audiovisuel	Sonorisateur
Médias et Industries culturelles	Audiovisuel	Technicien son et lumière
Médias et Industries culturelles	Audiovisuel	Traducteur audiovisuel
Médias et Industries culturelles	Audiovisuel	Assistant de post-production audiovisuelle (hors cinéma et télévision)
Médias et Industries culturelles	Audiovisuel	Chargé de post-production audiovisuelle (hors cinéma et télévision)
Médias et Industries culturelles	Audiovisuel	Concepteur d'effets spéciaux
Médias et Industries culturelles	Audiovisuel	Compositeur de musiques de films
Médias et Industries culturelles	Audiovisuel	Directeur de post-production audiovisuelle (hors cinéma et télévision)
Médias et Industries culturelles	Audiovisuel	Etalonneur
Médias et Industries culturelles	Audiovisuel	Monteur son
Médias et Industries culturelles	Audiovisuel	Projectionniste
Médias et Industries culturelles	Audiovisuel	Studio d'enregistrement
Médias et Industries culturelles	Audiovisuel	Superviseur d'effets spéciaux
Médias et Industries culturelles	Audiovisuel	Truquiste
Médias et Industries culturelles	Audiovisuel	Bruiteur
Médias et Industries culturelles	Spectacle vivant	Bookeur de spectacles vivants
Médias et Industries culturelles	Spectacle vivant	Chef opérateur audiovisuel / cinéma / de spectacles vivants
Médias et Industries culturelles	Spectacle vivant	Décorateur de film, accessoiriste
Médias et Industries culturelles	Spectacle vivant	Décorateur d'espace scénique
Médias et Industries culturelles	Spectacle vivant	Location de chapiteaux et/ou tribunes
Médias et Industries culturelles	Spectacle vivant	Location de matériel son et image à destination des professionnels du spectacle
Médias et Industries culturelles	Spectacle vivant	Maquilleur artistes et comédiens
Médias et Industries culturelles	Spectacle vivant	Metteur en scène / Réalisateur
Médias et Industries culturelles	Spectacle vivant	Organisateur de spectacles vivants
Médias et Industries culturelles	Spectacle vivant	Photographe / Vidéaste évènementiel
Médias et Industries culturelles	Spectacle vivant	Producteur de documentaires / magazines / reportages dans le domaine de la culture et des loisirs
Médias et Industries culturelles	Spectacle vivant	Producteur de spectacles vivants
Médias et Industries culturelles	Spectacle vivant	Scripte
Médias et Industries culturelles	Spectacle vivant	Scénariste
Médias et Industries culturelles	Spectacle vivant	Tourneur de spectacles vivants
Médias et Industries culturelles	Spectacle vivant	Diffuseur de spectacles vivants
Médias et Industries culturelles	Spectacle vivant	Sous-titrage / Doublage de films et/ou sur-titrage de spectacles vivants (hors films à caractère pornographique)
Médias et Industries culturelles	Culture et divertissement	Disc-Jockey
Médias et Industries culturelles	Culture et divertissement	Acteur
Médias et Industries culturelles	Culture et divertissement	Animateur du patrimoine
Médias et Industries culturelles	Culture et divertissement	Arts graphiques avec ou sans conception de logo/affiches/web
Médias et Industries culturelles	Culture et divertissement	Guide-conférencier / Guide touristique
Médias et Industries culturelles	Culture et divertissement	Conseiller culturel et/ou en divertissement
Médias et Industries culturelles	Culture et divertissement	Auteur
Médias et Industries culturelles	Culture et divertissement	Chargé d'études documentaires
Médias et Industries culturelles	Culture et divertissement	Chef d'orchestre
Médias et Industries culturelles	Culture et divertissement	Consultant en ingénierie touristique et culturelle
Médias et Industries culturelles	Culture et divertissement	Créateur d'image : papier / film / vidéo / numérique (hors caricatures et images provocatrices)
Médias et Industries culturelles	Culture et divertissement	Danseur
Médias et Industries culturelles	Culture et divertissement	Dessinateur / Illustrateur (hors caricatures et dessins provocateurs)
Médias et Industries culturelles	Culture et divertissement	Dessinateur publicitaire (hors conception de produit et design industriel)
Médias et Industries culturelles	Culture et divertissement	Design d'exposition / scenographie - hors fabrication et installation non sous-traitée 
Médias et Industries culturelles	Culture et divertissement	Ecrivain
Médias et Industries culturelles	Culture et divertissement	Graphiste web
Médias et Industries culturelles	Culture et divertissement	Mannequin / Modèle
Médias et Industries culturelles	Culture et divertissement	Lecteur-Correcteur
Médias et Industries culturelles	Culture et divertissement	Médiateur culturel
Médias et Industries culturelles	Culture et divertissement	Muséographe
Médias et Industries culturelles	Culture et divertissement	Musicien solo ou en groupe constitué, public ou privé subventionné ou non
Médias et Industries culturelles	Culture et divertissement	Professeur de danse
Médias et Industries culturelles	Culture et divertissement	Professeur de musique
Médias et Industries culturelles	Culture et divertissement	Professeur de théâtre
Médias et Industries culturelles	Culture et divertissement	Secrétaire de documentation
Médias et Industries culturelles	Culture et divertissement	Agence de mannequins
Médias et Industries culturelles	Médias et Journalisme	Agence de presse spécialisée
Médias et Industries culturelles	Médias et Journalisme	Attaché de presse
Médias et Industries culturelles	Médias et Journalisme	Journaliste (hors reporter d'image) / Pigiste
Médias et Industries culturelles	Médias et Journalisme	Edition et publication de journaux d'information locaux (y.c. en ligne)
Médias et Industries culturelles	Médias et Journalisme	Edition et publication de journaux d'information régionnaux (y.c. en ligne)
Médias et Industries culturelles	Médias et Journalisme	Edition et publication de magazines féminins (y.c. en ligne)
Médias et Industries culturelles	Médias et Journalisme	Edition et publication de magazines / livres professionnels (y.c. en ligne) - hors domaine médical, financier et scientifique
Médias et Industries culturelles	Médias et Journalisme	Edition et publication de magazines / livres spécialisés loisirs type sports, culture, art, décoration, cuisine, voyages, etc...  (y.c. en ligne)
Médias et Industries culturelles	Médias et Journalisme	Edition et publication de fictions littéraires (y.c. en ligne)
Médias et Industries culturelles	Médias et Journalisme	Edition et publication de magazines / revues dans le domaine médical (y.c. en ligne)
Médias et Industries culturelles	Médias et Journalisme	Edition et publication de magazines / revues dans le domaine financier (y.c. en ligne)
Médias et Industries culturelles	Médias et Journalisme	Edition et publication de magazines / revues dans le domaine scientifique (y.c. en ligne)
Médias et Industries culturelles	Médias et Journalisme	Radio / Web radio d'informations et actualités locales
Médias et Industries culturelles	Médias et Journalisme	Radio / Web radio d'informations et actualités régionales
Médias et Industries culturelles	Médias et Journalisme	Radio / Web radio musicale 
Médias et Industries culturelles	Médias et Journalisme	Radio / Web radio culturelle
Médias et Industries culturelles	Médias et Journalisme	Radio / Web radio de divertissement (jeux, humour, sport, etc...)
Médias et Industries culturelles	Médias et Journalisme	Rédaction d’articles de presse pour le compte de journaux d’information locale (y.c en ligne)
Médias et Industries culturelles	Médias et Journalisme	Rédaction d’articles de presse pour le compte de journaux d’information régionale (y.c en ligne)
Médias et Industries culturelles	Médias et Journalisme	Rédaction de contenus pour le compte de magazines féminins (y.c en ligne) – hors magazine et/ou site people 
Médias et Industries culturelles	Médias et Journalisme	Rédaction de contenus pour le compte de magazines / livres professionnels (y.c. en ligne) – hors domaine médical, financier et scientifique
Médias et Industries culturelles	Médias et Journalisme	Rédaction de contenus pour le compte de magazines / livres spécialisés loisirs type sports, culture, art, décoration, cuisine, voyages, etc... (y.c. en ligne) 
Médias et Industries culturelles	Médias et Journalisme	Rédaction de contenus pour le compte de magazines / revues dans le domaine médical (y.c. en ligne)
Médias et Industries culturelles	Médias et Journalisme	Rédaction de contenus pour le compte de magazines / revues dans le domaine financier (y.c. en ligne)
Médias et Industries culturelles	Médias et Journalisme	Rédaction de contenus pour le compte de magazines / revues dans le domaine scientifique (y.c. en ligne)
Médias et Industries culturelles	Médias et Journalisme	Télé / Web télé d'informations et actualités locales
Médias et Industries culturelles	Médias et Journalisme	Télé / Web télé d'informations et actualités régionales
Médias et Industries culturelles	Médias et Journalisme	Télé / Web télé musicale 
Médias et Industries culturelles	Médias et Journalisme	Télé / Web télé culturelle
Médias et Industries culturelles	Médias et Journalisme	Télé / Web télé de divertissement (jeux, humour, sport, etc...)
Médias et Industries culturelles	Médias et Journalisme	Activités annexes en matière de marketing et/ou de communciation
Médias et Industries culturelles	Médias et Journalisme	Blogueur
Bien-être et Santé	Médical / Paramédical	Cabinet médical et paramédical
Bien-être et Santé	Médical / Paramédical	Acuponcture (Aculifting, luxoponcture) limité aux seuls médecins ou kinésithérapeutes
Bien-être et Santé	Médical / Paramédical	Thérapeute par la parole
Bien-être et Santé	Médical / Paramédical	Hypnose Ericksonienne
Bien-être et Santé	Médical / Paramédical	Cardiologue
Bien-être et Santé	Médical / Paramédical	Chirurgien
Bien-être et Santé	Médical / Paramédical	Masseur kinésithérapeute
Bien-être et Santé	Médical / Paramédical	Médecin généraliste
Bien-être et Santé	Médical / Paramédical	Ophtalmologue
Bien-être et Santé	Médical / Paramédical	Pédiatre
Bien-être et Santé	Médical / Paramédical	Psychiatre
Bien-être et Santé	Médical / Paramédical	Radiologue
Bien-être et Santé	Médical / Paramédical	Rhumatologue
Bien-être et Santé	Médical / Paramédical	Vétérinaire
Bien-être et Santé	Médical / Paramédical	Dentiste
Bien-être et Santé	Médical / Paramédical	Infirmier
Bien-être et Santé	Médical / Paramédical	Nutritioniste
Bien-être et Santé	Médical / Paramédical	Orthophoniste
Bien-être et Santé	Médical / Paramédical	Ostéopathe
Bien-être et Santé	Médical / Paramédical	Pédicure
Bien-être et Santé	Médical / Paramédical	Pharmacien
Bien-être et Santé	Médical / Paramédical	Podologue
Bien-être et Santé	Médical / Paramédical	Pédicure-podologue
Bien-être et Santé	Médical / Paramédical	Opticiens
Bien-être et Santé	Médical / Paramédical	Radiologue
Bien-être et Santé	Médical / Paramédical	Répartiteurs
Bien-être et Santé	Médical / Paramédical	Autre - Médical / Paramédical
Bien-être et Santé	Bien être	Massage bien être / Modelage
Bien-être et Santé	Bien être	Conseil en image / relooking
Bien-être et Santé	Bien être	Réflexologie
Bien-être et Santé	Bien être	Art thérapie
Bien-être et Santé	Bien être	Sophrologie
Bien-être et Santé	Bien être	Relaxologue
Bien-être et Santé	Bien être	Yoga
Bien-être et Santé	Bien être	Salle de sport hors sauna, spa, et bar
Bien-être et Santé	Bien être	Hypnothérapie
Bien-être et Santé	Bien être	Autre - Bien être
Bien-être et Santé	Bien être	Access Bars
Bien-être et Santé	Bien être	Access Consciousness
Bien-être et Santé	Bien être	Access Energy Transformation
Bien-être et Santé	Bien être	Access Facelift
Bien-être et Santé	Bien être	Access Processus Corporels
Bien-être et Santé	Bien être	Accompagnement Biographique
Bien-être et Santé	Bien être	Accompagnement psycho-émotionnel
Bien-être et Santé	Bien être	Accompagnement sensoriel
Bien-être et Santé	Bien être	Accupressure
Bien-être et Santé	Bien être	Actualisation par les Mouvements Oculaires : EMA-AMO
Bien-être et Santé	Bien être	Aculifting, pratiqué uniquement par un docteur en médecine ou un kinésithérapeuthe
Bien-être et Santé	Bien être	Acupression
Bien-être et Santé	Bien être	Acupuncture,  pratiqué uniquement par un docteur en médecine ou un kinésithérapeuthe
Bien-être et Santé	Bien être	Aide et/ou soutien psychologique (mémoire cellulaire, interprétation des rêves)
Bien-être et Santé	Bien être	Algothérapie
Bien-être et Santé	Bien être	Analyse de la posture (posturologie)
Bien-être et Santé	Bien être	Analyse du corps
Bien-être et Santé	Bien être	Analyse Psycho-Organique
Bien-être et Santé	Bien être	Analyse transactionnelle
Bien-être et Santé	Bien être	Angel Therapy
Bien-être et Santé	Bien être	Apithérapie (à l’exclusion de toute utilisation de venin)
Bien-être et Santé	Bien être	Approche Centrée sur la Personne
Bien-être et Santé	Bien être	Archives Akashiques
Bien-être et Santé	Bien être	Argilothérapie
Bien-être et Santé	Bien être	Ariti Gymnastique
Bien-être et Santé	Bien être	Aromachologie
Bien-être et Santé	Bien être	Aromathérapie
Bien-être et Santé	Bien être	Aromathérapie (Olphactothérapie)
Bien-être et Santé	Bien être	Aromatologie
Bien-être et Santé	Bien être	Arthérapie
Bien-être et Santé	Bien être	Arts énergétiques
Bien-être et Santé	Bien être	Art-thérapie (notamment musicothérapie, rigolothérapie, graphologie, peinture, danse…)
Bien-être et Santé	Bien être	Astrologie (y compris Astrologie chinoise)
Bien-être et Santé	Bien être	Atrapuncture
Bien-être et Santé	Bien être	Audio Psycho Phonologue
Bien-être et Santé	Bien être	Aura-Soma© (Thérapie)
Bien-être et Santé	Bien être	Auriculothérapie, pratiqué uniquement par un docteur en médecine, une sage-femme ou un kinésithérapeuthe
Bien-être et Santé	Bien être	Auxiliothérapie, à l'exclusion de toute pescription ou vente de produits, compléments alimentaires
Bien-être et Santé	Bien être	Ayurveda
Bien-être et Santé	Bien être	Ayurveda massage
Bien-être et Santé	Bien être	Bemer (Thérapie), à l'exclusion de toute pescription ou vente de produits, compléments alimentaires
Bien-être et Santé	Bien être	Bio énergie
Bien-être et Santé	Bien être	Bio Psycho Synergie
Bien-être et Santé	Bien être	Bioanalogie
Bien-être et Santé	Bien être	Biodanza
Bien-être et Santé	Bien être	Bioénergie
Bien-être et Santé	Bien être	Biokinergie
Bien-être et Santé	Bien être	Biokinésie
Bien-être et Santé	Bien être	Biorésonance
Bien-être et Santé	Bien être	Biorythme
Bien-être et Santé	Bien être	Biosenetics, à l'exclusion de toute pescription ou vente de produits, compléments alimentaires
Bien-être et Santé	Bien être	Body conditioning
Bien-être et Santé	Bien être	Body Talk
Bien-être et Santé	Bien être	Body-Mind Centering®
Bien-être et Santé	Bien être	Bowen (Méthode)
Bien-être et Santé	Bien être	Brain gym® (gymnastique cérébrale)
Bien-être et Santé	Bien être	Brennan (Méthode)
Bien-être et Santé	Bien être	Bromatologie, à l'exclusion de toute pescription ou vente de produits, compléments alimentaires
Bien-être et Santé	Bien être	Buteyko (Méthode)
Bien-être et Santé	Bien être	Bye Bye Allergies - BBA
Bien-être et Santé	Bien être	Callanétic (Méthode)
Bien-être et Santé	Bien être	Camilli® (Massage sensitive de Claude)
Bien-être et Santé	Bien être	Caractérologie
Bien-être et Santé	Bien être	Cartomancie
Bien-être et Santé	Bien être	Chakra
Bien-être et Santé	Bien être	Channeling
Bien-être et Santé	Bien être	Chant avec bébé
Bien-être et Santé	Bien être	Chant Prénatal
Bien-être et Santé	Bien être	Chat-thérapie / Ronron-thérapie
Bien-être et Santé	Bien être	Chi Nei Tsang
Bien-être et Santé	Bien être	Chiromancie
Bien-être et Santé	Bien être	Chromothérapie
Bien-être et Santé	Bien être	Chrononutrition, à l'exclusion de toute pescription ou vente de produits, compléments alimentaires
Bien-être et Santé	Bien être	Clair ressenti
Bien-être et Santé	Bien être	Clown relationnel
Bien-être et Santé	Bien être	Clown-praticien
Bien-être et Santé	Bien être	Coach de vie
Bien-être et Santé	Bien être	Coach en nutrition, à l'exclusion de toute pescription ou vente de produits, compléments alimentaires
Bien-être et Santé	Bien être	Coach Lover
Bien-être et Santé	Bien être	Coach sportif / fitness sans exploitation d'établissement/équipements sportifs - hors sports mécaniques, sports extrêmes, équitation
Bien-être et Santé	Bien être	Coaching
Bien-être et Santé	Bien être	Coaching Développement personnel
Bien-être et Santé	Bien être	Coaching sommeil
Bien-être et Santé	Bien être	Cohérence cardiaque
Bien-être et Santé	Bien être	Coiffeur
Bien-être et Santé	Bien être	Communication facilitée
Bien-être et Santé	Bien être	Communication Non Violente (CNV)
Bien-être et Santé	Bien être	Conférencier sur les métiers du Bien Etre (hors organisation d’évènement, d’atelier ou de visite)
Bien-être et Santé	Bien être	Conjugothérapie
Bien-être et Santé	Bien être	Conscience corporelle dynamique
Bien-être et Santé	Bien être	Conseil en Feng-Shui / Home staging - hors vente de mobilier / décoration
Bien-être et Santé	Bien être	Conseil en nutrition et alimentation - hors Diététicien / prescription médicale et vente de produits
Bien-être et Santé	Bien être	Conseil en nutrition et alimentation / Diététicien - hors prescription médicale et vente de produits
Bien-être et Santé	Bien être	Conseil en plantes Médicinales et aromatiques, à l'exclusion de toute pescription ou vente de produits, compléments alimentaires
Bien-être et Santé	Bien être	Conseil spirituel
Bien-être et Santé	Bien être	Conseiller conjugal et familial
Bien-être et Santé	Bien être	Conseiller en fleurs de Bach
Bien-être et Santé	Bien être	Constellations d’abondance
Bien-être et Santé	Bien être	Consultant en éducation et relations humaines
Bien-être et Santé	Bien être	Consultant en gestion de poids, à l'exclusion de toute pescription ou vente de produits, compléments alimentaires
Bien-être et Santé	Bien être	Cosméceutique
Bien-être et Santé	Bien être	Coué (Méthode)
Bien-être et Santé	Bien être	Coupeur de feu
Bien-être et Santé	Bien être	Cours de médiation tibétaine
Bien-être et Santé	Bien être	Crénothérapie, hors  hydrothérapie du colon
Bien-être et Santé	Bien être	Cristallothérapie
Bien-être et Santé	Bien être	Danse biodynamique
Bien-être et Santé	Bien être	Danse Thérapie
Bien-être et Santé	Bien être	Danse Thérapie en Expression sensitive
Bien-être et Santé	Bien être	Dao Yin Fa
Bien-être et Santé	Bien être	Décodage Biologique
Bien-être et Santé	Bien être	Détoxination, à l'exclusion de toute pescription ou vente de produits, compléments alimentaires
Bien-être et Santé	Bien être	Dharma guidance
Bien-être et Santé	Bien être	Dialogueur intérieur
Bien-être et Santé	Bien être	Digiponcture
Bien-être et Santé	Bien être	Digitopression
Bien-être et Santé	Bien être	Discours et thérapie de langue
Bien-être et Santé	Bien être	DMOKA® (Déprogrammation par les Mouvements Oculaires)
Bien-être et Santé	Bien être	Do In
Bien-être et Santé	Bien être	Dong Fa
Bien-être et Santé	Bien être	Drainage Lymphatique manuel (méthode du Dr Vodder)
Bien-être et Santé	Bien être	Drainolymphologie
Bien-être et Santé	Bien être	Dry Needling, pratiqué uniquement par un docteur en médecine, une sage-femme ou un kinésithérapeuthe
Bien-être et Santé	Bien être	E.M.D.R. – reprogrammation et désensibilisation par le mouvement de l’oeil
Bien-être et Santé	Bien être	Education kinesthésique
Bien-être et Santé	Bien être	Ehrenfried (Méthode)
Bien-être et Santé	Bien être	EIBE (Méthode) pratiqué uniquement par un docteur en médecine, une sage-femme ou un kinésithérapeuthe pour l'auriculothérapie
Bien-être et Santé	Bien être	Electro-stimulation
Bien-être et Santé	Bien être	Electrothérapie
Bien-être et Santé	Bien être	Elixirs Floraux
Bien-être et Santé	Bien être	Elixirs floraux, fleurs de Bach
Bien-être et Santé	Bien être	Emmett (Thérapie)
Bien-être et Santé	Bien être	Emotional Freedom Technic (EFT)
Bien-être et Santé	Bien être	Emotional Freedom Technic (Technique de Libération Emotionnelle)
Bien-être et Santé	Bien être	Energéticien
Bien-être et Santé	Bien être	Energétique chinoise hors médecine traditionnel chinoise : prescription et vente de produit / si acuponcture limité aux seuls médecins ou kinésithérapeutes
Bien-être et Santé	Bien être	Epigénétique par biorésonance
Bien-être et Santé	Bien être	Equilibrage corporel, hors atlas profilax et hors pescription ou vente de produits, compléments alimentaires
Bien-être et Santé	Bien être	ETCN Entre Terre et Ciel Nous 
Bien-être et Santé	Bien être	Ethologie
Bien-être et Santé	Bien être	Ethologie Equine 
Bien-être et Santé	Bien être	Ethiopathe
Bien-être et Santé	Bien être	Etiopsychologie®
Bien-être et Santé	Bien être	Etioscan générateurs d'organe
Bien-être et Santé	Bien être	Eurythmie
Bien-être et Santé	Bien être	Eutonie
Bien-être et Santé	Bien être	Expression sensitive
Bien-être et Santé	Bien être	Falun gong
Bien-être et Santé	Bien être	Fangologie
Bien-être et Santé	Bien être	Fangothérapie
Bien-être et Santé	Bien être	Fasciabioénergie
Bien-être et Santé	Bien être	Fasciapulsologie
Bien-être et Santé	Bien être	Fasciathérapie
Bien-être et Santé	Bien être	Fasciathérapie©
Bien-être et Santé	Bien être	Feldenkrais (Méthode)
Bien-être et Santé	Bien être	Feng Shui
Bien-être et Santé	Bien être	Filmothérapie
Bien-être et Santé	Bien être	Florithérapie
Bien-être et Santé	Bien être	Fluidie Therapie
Bien-être et Santé	Bien être	Focusing ACP
Bien-être et Santé	Bien être	Formation aux activités du bien-être
Bien-être et Santé	Bien être	Fu jing tao
Bien-être et Santé	Bien être	Gélothérapie
Bien-être et Santé	Bien être	Gemmothérapie
Bien-être et Santé	Bien être	Géobiologie
Bien-être et Santé	Bien être	Géobiophysique
Bien-être et Santé	Bien être	Gérontopraticien psychocorporel
Bien-être et Santé	Bien être	Gestalt-thérapie
Bien-être et Santé	Bien être	Gommage du corps
Bien-être et Santé	Bien être	Graphothérapeute
Bien-être et Santé	Bien être	Guérisseur
Bien-être et Santé	Bien être	Guidance Quantique
Bien-être et Santé	Bien être	Gundhra
Bien-être et Santé	Bien être	Gym Bien-être
Bien-être et Santé	Bien être	Gymnastique Holistique
Bien-être et Santé	Bien être	Halothérapie (Thérapie saline)
Bien-être et Santé	Bien être	Harmonisation globale
Bien-être et Santé	Bien être	Harmonisation Lymphatique
Bien-être et Santé	Bien être	Harmonisation vitale bioénergétique, hors ostéopathie
Bien-être et Santé	Bien être	Herboriste
Bien-être et Santé	Bien être	Hijama (ventousothérapie) sec
Bien-être et Santé	Bien être	Ho’oponopono
Bien-être et Santé	Bien être	Holéoénergie
Bien-être et Santé	Bien être	Hortithérapie
Bien-être et Santé	Bien être	Hydrothérapie (hors hydrothérapie du colon)
Bien-être et Santé	Bien être	Hygiène neuropsychique, à l'exclusion de toute pescription ou vente de produits, compléments alimentaires
Bien-être et Santé	Bien être	Hypnose
Bien-être et Santé	Bien être	Hypnose Intégrative
Bien-être et Santé	Bien être	Hypnose Sajece
Bien-être et Santé	Bien être	I.M.O Intégration des mouvements occulaires
Bien-être et Santé	Bien être	Imago Thérapie
Bien-être et Santé	Bien être	Indologie
Bien-être et Santé	Bien être	Intégration Motrice Primordiale (sauf lorsque cette activité est exercée sur des enfants de moins de un an)
Bien-être et Santé	Bien être	Intégration posturale
Bien-être et Santé	Bien être	Intégration structurale
Bien-être et Santé	Bien être	Internal Family Systems 
Bien-être et Santé	Bien être	Interprétation des rêves, travail sur le rêve
Bien-être et Santé	Bien être	Iridologie
Bien-être et Santé	Bien être	Iyashi Dôme (Sauna japonais)
Bien-être et Santé	Bien être	Janzu
Bien-être et Santé	Bien être	Jeûne thérapeutique
Bien-être et Santé	Bien être	Jin Shin Jyutsu
Bien-être et Santé	Bien être	Katsugen Undo
Bien-être et Santé	Bien être	Kobido
Bien-être et Santé	Bien être	LaHoChi
Bien-être et Santé	Bien être	Land Art Thérapie
Bien-être et Santé	Bien être	Le processus Hoffman
Bien-être et Santé	Bien être	Lecture de mémoires Akashiques
Bien-être et Santé	Bien être	Lectures de visage
Bien-être et Santé	Bien être	Libération des cuirasses
Bien-être et Santé	Bien être	Lithomancie
Bien-être et Santé	Bien être	Lithothérapie
Bien-être et Santé	Bien être	Logosynthèse
Bien-être et Santé	Bien être	Lomilomi
Bien-être et Santé	Bien être	Luminothérapie
Bien-être et Santé	Bien être	Lunologie
Bien-être et Santé	Bien être	Luxoponcture
Bien-être et Santé	Bien être	Luxothérapie
Bien-être et Santé	Bien être	Mace Energy method
Bien-être et Santé	Bien être	Magnétisme
Bien-être et Santé	Bien être	Magnétisme / Biomagnétisme
Bien-être et Santé	Bien être	Magnétisme radionique
Bien-être et Santé	Bien être	Magnétothérapie
Bien-être et Santé	Bien être	Maïeusthésie
Bien-être et Santé	Bien être	Makaton
Bien-être et Santé	Bien être	Manupuncture  pratiqué uniquement par un docteur en médecine ou un kinésithérapeuthe
Bien-être et Santé	Bien être	Map thérapies
Bien-être et Santé	Bien être	Marche Afghane
Bien-être et Santé	Bien être	Marmathérapie
Bien-être et Santé	Bien être	Marma-Veda
Bien-être et Santé	Bien être	Masques corporels
Bien-être et Santé	Bien être	Massage Abhyanga
Bien-être et Santé	Bien être	Massage bien être / Modelage - hors prestation de soin à caractère médical/paramédical et exploitation de Spa
Bien-être et Santé	Bien être	Massage Bols Tibétains
Bien-être et Santé	Bien être	Massage californien
Bien-être et Santé	Bien être	Massage Edonis
Bien-être et Santé	Bien être	Massage lemniscate
Bien-être et Santé	Bien être	Massage Lomi Lomi
Bien-être et Santé	Bien être	Massage lymphatique
Bien-être et Santé	Bien être	Massage sensoriel
Bien-être et Santé	Bien être	Massage Taï
Bien-être et Santé	Bien être	Massage tampons de Siam (ou Herbal Siam)
Bien-être et Santé	Bien être	Massage Thaï traditionnel
Bien-être et Santé	Bien être	Massothérapie
Bien-être et Santé	Bien être	Médecine Symbolique®
Bien-être et Santé	Bien être	Médiation Familiale 
Bien-être et Santé	Bien être	Médiation par l’animal 
Bien-être et Santé	Bien être	Méditation
Bien-être et Santé	Bien être	Médium
Bien-être et Santé	Bien être	Mémoire cellulaire
Bien-être et Santé	Bien être	Mentaliste
Bien-être et Santé	Bien être	Meridian tapping therapy
Bien-être et Santé	Bien être	Métapsychobiologie 
Bien-être et Santé	Bien être	Méthode 3C (concentration, calme, contrôle)
Bien-être et Santé	Bien être	Méthode Alpé
Bien-être et Santé	Bien être	Méthode AORA
Bien-être et Santé	Bien être	Méthode Bates
Bien-être et Santé	Bien être	Méthode Bowen
Bien-être et Santé	Bien être	Méthode des 2 points
Bien-être et Santé	Bien être	Méthode des 4 dimensions
Bien-être et Santé	Bien être	Méthode du journal créatif
Bien-être et Santé	Bien être	méthode eibed
Bien-être et Santé	Bien être	Méthode Feldenkrais
Bien-être et Santé	Bien être	Méthode LEEA (libération des émotions et des allergies associées)
Bien-être et Santé	Bien être	Méthode Linequartz®
Bien-être et Santé	Bien être	Méthode Meer®
Bien-être et Santé	Bien être	Méthode Naet
Bien-être et Santé	Bien être	Méthode Naët
Bien-être et Santé	Bien être	Méthode Quantique
Bien-être et Santé	Bien être	Méthode Quertant ou Culture Psycho-sensorielle (CPS)
Bien-être et Santé	Bien être	Méthode Sinovi
Bien-être et Santé	Bien être	Méthode T.R.E. (Tension and Trauma Releasing Exercices)
Bien-être et Santé	Bien être	Méthode Tomatis
Bien-être et Santé	Bien être	Méthode UPLEDGER
Bien-être et Santé	Bien être	Méthodes de Jacquier
Bien-être et Santé	Bien être	Mézières (méthode)
Bien-être et Santé	Bien être	Micro-courant
Bien-être et Santé	Bien être	Micro-ostéo digitale®
Bien-être et Santé	Bien être	Mindfulness
Bien-être et Santé	Bien être	Modelage drainage lymphatique
Bien-être et Santé	Bien être	Mora (Thérapie), pratiqué uniquement par un docteur en médecine, une sage-femme ou un kinésithérapeute
Bien-être et Santé	Bien être	Morphopsychlogie
Bien-être et Santé	Bien être	Morphopsychologie
Bien-être et Santé	Bien être	Moxibustion
Bien-être et Santé	Bien être	Mudrâs
Bien-être et Santé	Bien être	Multiréflexologie Dien Chan
Bien-être et Santé	Bien être	Musicothérapie
Bien-être et Santé	Bien être	Myers briggs
Bien-être et Santé	Bien être	NAET® (Méthode)
Bien-être et Santé	Bien être	Naturopathie (hygiène de vie, massothérapie, psychologie, aromathérapie), à l’exclusion de la prescription ou la vente de complément alimentaire
Bien-être et Santé	Bien être	Naturopathie, à l'exclusion de toute pescription ou vente de produits, compléments alimentaires
Bien-être et Santé	Bien être	NERTI (Nettoyage Emotionnel Rapide des Traumatismes inconscients)
Bien-être et Santé	Bien être	Neurofeedback
Bien-être et Santé	Bien être	Neurothéapie
Bien-être et Santé	Bien être	Neuro-training
Bien-être et Santé	Bien être	Numérologie
Bien-être et Santé	Bien être	Olfactothérapie®
Bien-être et Santé	Bien être	Oligothérapie (hors prescription médicale et/ou de compléments alimentaires et/ou vente de produits)
Bien-être et Santé	Bien être	Onctions aromatiques
Bien-être et Santé	Bien être	Ondobiologie
Bien-être et Santé	Bien être	Orthopédagogue 
Bien-être et Santé	Bien être	OstéoFluidique
Bien-être et Santé	Bien être	Oxygénation cellulaire (méthode bol d'air Jacquier)
Bien-être et Santé	Bien être	Oxygénothérapie non médicale, hors caisson hyperbare
Bien-être et Santé	Bien être	Padovan (Méthode)
Bien-être et Santé	Bien être	Parapsychologie
Bien-être et Santé	Bien être	PEAT (activation de l’énergie primordiale de la transcendance)
Bien-être et Santé	Bien être	Pédagogie perceptive®
Bien-être et Santé	Bien être	Pélothérapie
Bien-être et Santé	Bien être	Percussions et danses Africaines
Bien-être et Santé	Bien être	Phénothérapie
Bien-être et Santé	Bien être	Phytologie
Bien-être et Santé	Bien être	Pig (Cochon) Thérapie
Bien-être et Santé	Bien être	Pilates
Bien-être et Santé	Bien être	Plastithérapie
Bien-être et Santé	Bien être	PNL (Programmation neurolinguistique)
Bien-être et Santé	Bien être	Podoréflexologie
Bien-être et Santé	Bien être	Posturologie
Bien-être et Santé	Bien être	Pranathérapie
Bien-être et Santé	Bien être	Pratique du Mandala
Bien-être et Santé	Bien être	Préparation Mentale
Bien-être et Santé	Bien être	Prévention du stress, gestion émotionnelle
Bien-être et Santé	Bien être	Programmation neuro linguistique (PNL)
Bien-être et Santé	Bien être	Psycho-bio-acupressure
Bien-être et Santé	Bien être	Psychobiologie
Bien-être et Santé	Bien être	Psycho-énergéticien 
Bien-être et Santé	Bien être	Psychogénéalogie
Bien-être et Santé	Bien être	Psycho-généalogie
Bien-être et Santé	Bien être	Psychologie
Bien-être et Santé	Bien être	Psychologie Biodynamique
Bien-être et Santé	Bien être	Psychomotricien
Bien-être et Santé	Bien être	Psychopathologie
Bien-être et Santé	Bien être	Psychophanie
Bien-être et Santé	Bien être	Psychophonie
Bien-être et Santé	Bien être	Psychopraticien
Bien-être et Santé	Bien être	Psychosociologie
Bien-être et Santé	Bien être	Psychosomaticien
Bien-être et Santé	Bien être	Psycho-somatothérapie
Bien-être et Santé	Bien être	Psychosynthèse
Bien-être et Santé	Bien être	Psychothérapie (Gestalt thérapie, approche centrée sur la personne, thérapie psycho corporelle)
Bien-être et Santé	Bien être	Psychothérapie (y compris téléconsultation)
Bien-être et Santé	Bien être	Pychopracticien
Bien-être et Santé	Bien être	Qi Gong
Bien-être et Santé	Bien être	Quantum Touch®
Bien-être et Santé	Bien être	Radiesthésie
Bien-être et Santé	Bien être	Radiésthésie
Bien-être et Santé	Bien être	Reboutement
Bien-être et Santé	Bien être	Rebouteux
Bien-être et Santé	Bien être	Reboutologie
Bien-être et Santé	Bien être	Rebouto-réactivopathe
Bien-être et Santé	Bien être	Reconnexion
Bien-être et Santé	Bien être	Rééducation par résonance
Bien-être et Santé	Bien être	Rééquilibrage Energétique Biopolarité®
Bien-être et Santé	Bien être	Réflexologue
Bien-être et Santé	Bien être	Reiki
Bien-être et Santé	Bien être	Réinformation Vibratoire
Bien-être et Santé	Bien être	Relation d’aide par le toucher®
Bien-être et Santé	Bien être	Relaxation coréenne
Bien-être et Santé	Bien être	Relaxation musculaire profonde
Bien-être et Santé	Bien être	Relaxologie
Bien-être et Santé	Bien être	REMAP®
Bien-être et Santé	Bien être	Résonnance Energétique par Stimulation Cutanée (RESC) 
Bien-être et Santé	Bien être	Respiration Holotropique
Bien-être et Santé	Bien être	Rigologie
Bien-être et Santé	Bien être	RITMO
Bien-être et Santé	Bien être	RMTI (Rhytmic Movement Training International)
Bien-être et Santé	Bien être	Rolfing
Bien-être et Santé	Bien être	Rosen (Méthode)
Bien-être et Santé	Bien être	Routinologue
Bien-être et Santé	Bien être	Runes (Méthode)
Bien-être et Santé	Bien être	Santé humaniste (hors prescription médicale et/ou de compléments alimentaires et/ou vente de produits)
Bien-être et Santé	Bien être	Santé humaniste,hors prescription médicale et/ou de compléments alimentaires et/ou vente de produits
Bien-être et Santé	Bien être	Scenar (Thérapie)
Bien-être et Santé	Bien être	Sensymagologie
Bien-être et Santé	Bien être	Sexo-Conjugothérapie
Bien-être et Santé	Bien être	Sexologie
Bien-être et Santé	Bien être	Sexothérapie
Bien-être et Santé	Bien être	Shiatsu
Bien-être et Santé	Bien être	Shiatsu (Watsu)
Bien-être et Santé	Bien être	Shiatsu Fluidique
Bien-être et Santé	Bien être	Shiatsu Thérapeuthique
Bien-être et Santé	Bien être	Shinrin-yoku/Eco-thérapie
Bien-être et Santé	Bien être	Shiroshampi
Bien-être et Santé	Bien être	Shugendo
Bien-être et Santé	Bien être	Shutaïdo
Bien-être et Santé	Bien être	Simonton (Méthode) et la visualisation
Bien-être et Santé	Bien être	Soins Esséniens
Bien-être et Santé	Bien être	Soins Ethérique
Bien-être et Santé	Bien être	Soins Holistiques (hors prescription médicale et/ou de compléments alimentaires et/ou vente de produits)
Bien-être et Santé	Bien être	Somato-analyse
Bien-être et Santé	Bien être	Somatopathie
Bien-être et Santé	Bien être	Somato-psychopédagogie
Bien-être et Santé	Bien être	Somato-Relaxologie
Bien-être et Santé	Bien être	Somatothérapie
Bien-être et Santé	Bien être	Sonothérpaie
Bien-être et Santé	Bien être	Sophro en entreprise
Bien-être et Santé	Bien être	Sophro-analyse
Bien-être et Santé	Bien être	Sophrologue
Bien-être et Santé	Bien être	Sophro-relaxation et sophro-relaxation ludique
Bien-être et Santé	Bien être	Sophro-sexualité
Bien-être et Santé	Bien être	Sophro-sport
Bien-être et Santé	Bien être	Sourcier
Bien-être et Santé	Bien être	Stretching
Bien-être et Santé	Bien être	Stretching Postural®
Bien-être et Santé	Bien être	Sylvothérapie
Bien-être et Santé	Bien être	Synergologie
Bien-être et Santé	Bien être	T.C.C. – Thérapie comportementale et cognitive
Bien-être et Santé	Bien être	Tabac Stop (Conseils uniquement)
Bien-être et Santé	Bien être	Tai Chi Chuan
Bien-être et Santé	Bien être	Tai Ji Quan
Bien-être et Santé	Bien être	Tantrisme
Bien-être et Santé	Bien être	Tao de la voix
Bien-être et Santé	Bien être	Tarot
Bien-être et Santé	Bien être	TAT (Tapas Acupressure Technique)
Bien-être et Santé	Bien être	Technique AromaTouch™
Bien-être et Santé	Bien être	Technique Autogénic
Bien-être et Santé	Bien être	Technique d’Alexander
Bien-être et Santé	Bien être	Technique d’Alexandre
Bien-être et Santé	Bien être	Technique d’alignement du corps
Bien-être et Santé	Bien être	Technique d’identification sensorielle des peurs inconscientes (TIPI)
Bien-être et Santé	Bien être	Technique de Reiki
Bien-être et Santé	Bien être	Technique de Rolfing
Bien-être et Santé	Bien être	Technique des diapasons thérapeutiques
Bien-être et Santé	Bien être	Technique des points Knap
Bien-être et Santé	Bien être	Technique métamorphique
Bien-être et Santé	Bien être	Technique Nia ou Nia
Bien-être et Santé	Bien être	Techniques de Moxa
Bien-être et Santé	Bien être	Techniques respiratoires
Bien-être et Santé	Bien être	The Journey (Thérapie)
Bien-être et Santé	Bien être	Théatro thérapie
Bien-être et Santé	Bien être	Thème de Cristal 
Bien-être et Santé	Bien être	Thème Minéral
Bien-être et Santé	Bien être	Thérapeute de l'âme
Bien-être et Santé	Bien être	Thérapeute neurosciences EPRTH
Bien-être et Santé	Bien être	Thérapie cranio-sacrale, pratiqué uniquement par un docteur en médecine, ou un kinésithérapeuthe
Bien-être et Santé	Bien être	Thérapie familiale
Bien-être et Santé	Bien être	Thérapie Intuitive
Bien-être et Santé	Bien être	Thérapie magnétique
Bien-être et Santé	Bien être	Thérapie minérale Celluloid
Bien-être et Santé	Bien être	Thérapie par la polarité 
Bien-être et Santé	Bien être	Thérapie par les Cristaux
Bien-être et Santé	Bien être	Thérapie par un toucher léger
Bien-être et Santé	Bien être	Thérapie par un toucher léger (massage sensoriel)
Bien-être et Santé	Bien être	Thérapie sonore
Bien-être et Santé	Bien être	Thérapie systémique & stratégique
Bien-être et Santé	Bien être	Thérapies brèves
Bien-être et Santé	Bien être	Thérapies Chi
Bien-être et Santé	Bien être	ThetaHealing®
Bien-être et Santé	Bien être	Toucher de présence dynamique®
Bien-être et Santé	Bien être	Trager® (Technique)
Bien-être et Santé	Bien être	Training autogène
Bien-être et Santé	Bien être	Traitement énergétique des allergies
Bien-être et Santé	Bien être	Trame
Bien-être et Santé	Bien être	Travail à pied en médiation équine à l’exclusion de toute autre technique d’équithérapie, notamment à l’exclusion du handisport, de l’équihandi, de l’équicie, de l’hippothérapie, de l’équithérapie et de l’équitation
Bien-être et Santé	Bien être	Tricothérapie
Bien-être et Santé	Bien être	Tui na
Bien-être et Santé	Bien être	Tuina
Bien-être et Santé	Bien être	Upbraining
Bien-être et Santé	Bien être	Vacuum
Bien-être et Santé	Bien être	Valaikappu
Bien-être et Santé	Bien être	Vibration Japonaise
Bien-être et Santé	Bien être	Vitaminothérapie
Bien-être et Santé	Bien être	Vittoz (Méthode)
Bien-être et Santé	Bien être	Vocale (Thérapie)
Bien-être et Santé	Bien être	Voyance
Bien-être et Santé	Bien être	Wai Qi Liao Fa
Bien-être et Santé	Bien être	Watsu
Bien-être et Santé	Bien être	Wudang quan (art martial)
Bien-être et Santé	Bien être	Wutao
Bien-être et Santé	Bien être	Yang Sheng
Bien-être et Santé	Bien être	Yang Shiatsu
Bien-être et Santé	Bien être	Yi King
Bien-être et Santé	Bien être	Yin Shiatsu
Bien-être et Santé	Bien être	Yin Yoga
Bien-être et Santé	Bien être	Yoga Aérien
Bien-être et Santé	Bien être	Yoga des yeux
Bien-être et Santé	Bien être	Yoga du rire
Bien-être et Santé	Bien être	Yoga du Son
Bien-être et Santé	Bien être	Zen Streching®
Bien-être et Santé	Bien être	Zentangle
Bien-être et Santé	Bien être	Zoothérapie
Bien-être et Santé	Beauté	Coiffeur / Coiffeur à domicile / coiffeur visagiste
Bien-être et Santé	Beauté	Soins esthétiques à domicile
Bien-être et Santé	Beauté	Manucure, onglerie, esthétique (Avec UV, Laser, Tatouage)
Bien-être et Santé	Beauté	Esthéticien / Esthéticienne - hors épilation avec lumière pulsée et laser
Bien-être et Santé	Beauté	Manucure, onglerie, esthétique (Sans UV, Laser, Tatouage)
Bien-être et Santé	Beauté	Autre - Beauté - Service à la personne